{"count":5,"results":[{"id":1,"challenge_id":40,"user_id":1,"team_id":null,"ip":"172.21.0.1","provided":"690fa3247a99d651e0b26f947baf0b79b4f404a9","type":"correct","date":"2023-08-27T18:49:00.192646"},{"id":2,"challenge_id":70,"user_id":1,"team_id":null,"ip":"172.21.0.1","provided":"2614339936e8282e2f820f023d4d998a1f95e02a","type":"correct","date":"2023-08-27T18:50:10.367493"},{"id":3,"challenge_id":102,"user_id":1,"team_id":null,"ip":"172.21.0.1","provided":"690fa3247a99d651e0b26f947baf0b79b4f404a9","type":"incorrect","date":"2023-08-27T18:50:26.925701"},{"id":4,"challenge_id":102,"user_id":1,"team_id":null,"ip":"172.21.0.1","provided":"de0806c1e34a5783b4b1672fa4eed440a9912378","type":"incorrect","date":"2023-08-27T18:50:37.809749"},{"id":5,"challenge_id":102,"user_id":1,"team_id":null,"ip":"172.21.0.1","provided":"e6622ce9a67640b96851c2b1553ceb6690dd26a4","type":"correct","date":"2023-08-27T18:50:47.923773"}],"meta":{}}