{"results":[{"id":100,"challenge_id":1,"value":"Danger Zone"},{"id":400,"challenge_id":4,"value":"Good for Demos"},{"id":500,"challenge_id":5,"value":"Danger Zone"},{"id":501,"challenge_id":5,"value":"Prerequisite"},{"id":600,"challenge_id":6,"value":"OSINT"},{"id":700,"challenge_id":7,"value":"Contraption"},{"id":701,"challenge_id":7,"value":"Code Analysis"},{"id":800,"challenge_id":8,"value":"Danger Zone"},{"id":900,"challenge_id":9,"value":"Brute Force"},{"id":1200,"challenge_id":12,"value":"Danger Zone"},{"id":1300,"challenge_id":13,"value":"Danger Zone"},{"id":1400,"challenge_id":14,"value":"Good for Demos"},{"id":1500,"challenge_id":15,"value":"Tutorial"},{"id":1501,"challenge_id":15,"value":"Good for Demos"},{"id":1700,"challenge_id":17,"value":"Contraption"},{"id":1701,"challenge_id":17,"value":"Prerequisite"},{"id":1800,"challenge_id":18,"value":"Shenanigans"},{"id":1801,"challenge_id":18,"value":"Contraption"},{"id":1802,"challenge_id":18,"value":"Good for Demos"},{"id":2200,"challenge_id":22,"value":"Prerequisite"},{"id":2400,"challenge_id":24,"value":"Brute Force"},{"id":2600,"challenge_id":26,"value":"Good for Demos"},{"id":2601,"challenge_id":26,"value":"Code Analysis"},{"id":2700,"challenge_id":27,"value":"Tutorial"},{"id":3000,"challenge_id":30,"value":"Contraption"},{"id":3001,"challenge_id":30,"value":"Good for Demos"},{"id":3002,"challenge_id":30,"value":"Prerequisite"},{"id":3100,"challenge_id":31,"value":"Contraption"},{"id":3500,"challenge_id":35,"value":"Danger Zone"},{"id":3600,"challenge_id":36,"value":"Shenanigans"},{"id":3601,"challenge_id":36,"value":"Code Analysis"},{"id":3700,"challenge_id":37,"value":"OSINT"},{"id":3800,"challenge_id":38,"value":"Shenanigans"},{"id":3801,"challenge_id":38,"value":"OSINT"},{"id":4000,"challenge_id":40,"value":"Tutorial"},{"id":4001,"challenge_id":40,"value":"Good for Demos"},{"id":4100,"challenge_id":41,"value":"OSINT"},{"id":4200,"challenge_id":42,"value":"Tutorial"},{"id":4300,"challenge_id":43,"value":"Code Analysis"},{"id":4400,"challenge_id":44,"value":"Tutorial"},{"id":4500,"challenge_id":45,"value":"Shenanigans"},{"id":4501,"challenge_id":45,"value":"OSINT"},{"id":4600,"challenge_id":46,"value":"Brute Force"},{"id":4601,"challenge_id":46,"value":"Code Analysis"},{"id":4800,"challenge_id":48,"value":"Good Practice"},{"id":4801,"challenge_id":48,"value":"Contraption"},{"id":5000,"challenge_id":50,"value":"Shenanigans"},{"id":5001,"challenge_id":50,"value":"Good for Demos"},{"id":5100,"challenge_id":51,"value":"Danger Zone"},{"id":5200,"challenge_id":52,"value":"Danger Zone"},{"id":5400,"challenge_id":54,"value":"Code Analysis"},{"id":5500,"challenge_id":55,"value":"Brute Force"},{"id":5501,"challenge_id":55,"value":"Tutorial"},{"id":5700,"challenge_id":57,"value":"Shenanigans"},{"id":5800,"challenge_id":58,"value":"Good Practice"},{"id":5801,"challenge_id":58,"value":"Tutorial"},{"id":5802,"challenge_id":58,"value":"Good for Demos"},{"id":5900,"challenge_id":59,"value":"Shenanigans"},{"id":5901,"challenge_id":59,"value":"Good for Demos"},{"id":6100,"challenge_id":61,"value":"Danger Zone"},{"id":6101,"challenge_id":61,"value":"Good for Demos"},{"id":6300,"challenge_id":63,"value":"OSINT"},{"id":6400,"challenge_id":64,"value":"OSINT"},{"id":6500,"challenge_id":65,"value":"OSINT"},{"id":6600,"challenge_id":66,"value":"OSINT"},{"id":6601,"challenge_id":66,"value":"Brute Force"},{"id":6800,"challenge_id":68,"value":"Code Analysis"},{"id":6900,"challenge_id":69,"value":"Contraption"},{"id":6901,"challenge_id":69,"value":"Danger Zone"},{"id":6902,"challenge_id":69,"value":"Code Analysis"},{"id":7000,"challenge_id":70,"value":"Tutorial"},{"id":7001,"challenge_id":70,"value":"Code Analysis"},{"id":7100,"challenge_id":71,"value":"Good Practice"},{"id":7200,"challenge_id":72,"value":"Danger Zone"},{"id":7300,"challenge_id":73,"value":"Shenanigans"},{"id":7400,"challenge_id":74,"value":"Danger Zone"},{"id":7500,"challenge_id":75,"value":"OSINT"},{"id":8100,"challenge_id":81,"value":"Danger Zone"},{"id":8200,"challenge_id":82,"value":"Tutorial"},{"id":8201,"challenge_id":82,"value":"Good for Demos"},{"id":8300,"challenge_id":83,"value":"OSINT"},{"id":8500,"challenge_id":85,"value":"Prerequisite"},{"id":8600,"challenge_id":86,"value":"Danger Zone"},{"id":8700,"challenge_id":87,"value":"Danger Zone"},{"id":8900,"challenge_id":89,"value":"Shenanigans"},{"id":9000,"challenge_id":90,"value":"Contraption"},{"id":9100,"challenge_id":91,"value":"Good Practice"},{"id":9400,"challenge_id":94,"value":"Shenanigans"},{"id":9401,"challenge_id":94,"value":"Tutorial"},{"id":9500,"challenge_id":95,"value":"OSINT"},{"id":9600,"challenge_id":96,"value":"OSINT"},{"id":9700,"challenge_id":97,"value":"OSINT"},{"id":9800,"challenge_id":98,"value":"Code Analysis"},{"id":9900,"challenge_id":99,"value":"Prerequisite"},{"id":10000,"challenge_id":100,"value":"Shenanigans"},{"id":10001,"challenge_id":100,"value":"Brute Force"},{"id":10100,"challenge_id":101,"value":"OSINT"},{"id":10101,"challenge_id":101,"value":"Danger Zone"}]}